INSERT INTO
    basketball.teams (team_code, conference, name)
VALUES
    ('BOS', 'E', 'Boston Celtics'),
    ('BKN', 'E', 'Brooklyn Nets'),
    ('NYK', 'E', 'New York Knicks'),
    ('PHI', 'E', 'Philadelphia 76ers'),
    ('TOR', 'E', 'Toronto Raptors'),
    ('CHI', 'E', 'Chicago Bulls'),
    ('CLE', 'E', 'Cleveland Cavaliers'),
    ('DET', 'E', 'Detroit Pistons'),
    ('IND', 'E', 'Indiana Pacers'),
    ('MIL', 'E', 'Milwaukee Bucks'),
    ('DEN', 'W', 'Denver Nuggets'),
    ('MIN', 'W', 'Minnesota Timberwolves'),
    ('OKC', 'W', 'Oklahoma City Thunder'),
    ('POR', 'W', 'Portland Trail Blazers'),
    ('UTA', 'W', 'Utah Jazz'),
    ('GSW', 'W', 'Golden State Warriors'),
    ('LAC', 'W', 'LA Clippers'),
    ('LAL', 'W', 'Los Angeles Lakers'),
    ('PHX', 'W', 'Phoenix Suns'),
    ('SAC', 'W', 'Sacramento Kings'),
    ('ATL', 'E', 'Atlanta Hawks'),
    ('CHA', 'E', 'Charlotte Hornets'),
    ('MIA', 'E', 'Miami Heat'),
    ('ORL', 'E', 'Orlando Magic'),
    ('WAS', 'E', 'Washington Wizards'),
    ('DAL', 'W', 'Dallas Mavericks'),
    ('HOU', 'W', 'Houston Rockets'),
    ('MEM', 'W', 'Memphis Grizzlies'),
    ('NOP', 'W', 'New Orleans Pelicans'),
    ('SAS', 'W', 'San Antonio Spurs');


INSERT INTO
    basketball.coaches (name, experience)
VALUES
    ('Joe Mazzulla', 20),
    ('Kevin Ollie', 12),
    ('Nick Nurse', 2),
    ('Tom Thibodeau', 44),
    ('Darko Rajaković', 35),
    ('J. B. Bickerstaff', 16),
    ('Monty Williams', 6),
    ('Rick Carlisle', 16),
    ('Doc Rivers', 19),
    ('Michael Malone', 20),
    ('Chris Finch', 12),
    ('Mark Daigneault', 2),
    ('Chauncey Billups', 35),
    ('Will Hardy', 44),
    ('Steve Kerr', 20),
    ('Tyronn Lue', 12),
    ('Darvin Ham', 2),
    ('Frank Vogel', 35),
    ('Mike Brown', 44),
    ('Billy Donovan', 27),
    ('J. B. Bickerstaff', 16),
    ('Monty Williams', 6),
    ('Rick Carlisle', 16),
    ('Doc Rivers', 19),
    ('Quin Snyder', 18),
    ('Steve Clifford', 10),
    ('Erik Spoelstra', 6),
    ('Jamahl Mosley', 1),
    ('Brian Keefe', 4),
    ('Jason Kidd', 18),
    ('Ime Udoka', 10),
    ('Taylor Jenkins', 6),
    ('Willie Green', 1),
    ('Gregg Popovich', 4);

INSERT INTO
    basketball.stadiums (city, capacity, team_code)
VALUES
    ('Atlanta', 18729, 'ATL'),
    ('Boston', 18624, 'BOS'),
    ('Brooklyn', 17732, 'BKN'),
    ('Charlotte', 19077, 'CHA'),
    ('Chicago', 20917, 'CHI'),
    ('Cleveland', 20562, 'CLE'),
    ('Dallas', 19200, 'DAL'),
    ('Denver', 19520, 'DEN'),
    ('Detroit', 20491, 'DET'),
    ('Golden State', 18064, 'GSW'),
    ('Houston', 18055, 'HOU'),
    ('Indiana', 17923, 'IND'),
    ('Los Angeles', 19068, 'LAC'),
    ('Los Angeles', 19068, 'LAL'),
    ('Memphis', 17794, 'MEM'),
    ('Miami', 19600, 'MIA'),
    ('Milwaukee', 17500, 'MIL'),
    ('Minnesota', 19356, 'MIN'),
    ('New Orleans', 16867, 'NOP'),
    ('New York', 19812, 'NYK'),
    ('Oklahoma City', 18203, 'OKC'),
    ('Orlando', 18846, 'ORL'),
    ('Philadelphia', 20478, 'PHI'),
    ('Phoenix', 18055, 'PHX'),
    ('Portland', 19441, 'POR'),
    ('Sacramento', 17583, 'SAC'),
    ('San Antonio', 18418, 'SAS'),
    ('Toronto', 19800, 'TOR'),
    ('Utah', 18306, 'UTA'),
    ('Washington', 20356, 'WAS');

INSERT INTO
    basketball.play_off_series (
        season,
        home_team_code,
        guest_team_code,
        games_won_ht,
        games_won_gt,
        phase,
        date_updated
    )
VALUES
    ('2023-01-01', 'ATL', 'BOS', 4, 2, '1/4', '2023-05-15'),
    ('2023-01-01', 'CHA', 'MIA', 3, 4, '1/4', '2023-05-17'),
    ('2023-01-01', 'CHI', 'CLE', 1, 4, '1/8', '2023-04-29'),
    ('2023-01-01', 'DAL', 'HOU', 4, 0, '1/8', '2023-04-25'),
    ('2023-01-01', 'DEN', 'UTA', 2, 4, '1/4', '2023-05-16'),
    ('2023-01-01', 'DET', 'IND', 3, 4, '1/8', '2023-04-30'),
    ('2023-01-01', 'GSW', 'LAC', 4, 3, '1/2', '2023-06-02'),
    ('2023-01-01', 'MEM', 'NOP', 4, 2, '1/8', '2023-04-28'),
    ('2023-01-01', 'MIL', 'NYK', 4, 1, '1/8', '2023-04-27'),
    ('2023-01-01', 'OKC', 'SAS', 2, 4, '1/8', '2023-05-01'),
    ('2023-01-01', 'ORL', 'TOR', 0, 4, '1/8', '2023-04-26'),
    ('2023-01-01', 'PHI', 'WAS', 4, 2, '1/4', '2023-05-18'),
    ('2023-01-01', 'DAL', 'HOU', 4, 0, '1/8', '2023-04-25'),
    ('2023-01-01', 'DEN', 'UTA', 2, 4, '1/4', '2023-05-16'),
    ('2023-01-01', 'MEM', 'NOP', 4, 2, '1/8', '2023-04-28'),
    ('2023-01-01', 'OKC', 'SAS', 2, 4, '1/8', '2023-05-01'),
    ('2023-01-01', 'MEM', 'HOU', 4, 3, '1/2', '2023-06-02'),
    ('2023-01-01', 'CHI', 'CLE', 1, 4, '1/8', '2023-04-29'),
    ('2023-01-01', 'DET', 'IND', 3, 4, '1/8', '2023-04-30'),
    ('2023-01-01', 'MIL', 'NYK', 4, 1, '1/8', '2023-04-27'),
    ('2023-01-01', 'ORL', 'TOR', 0, 4, '1/8', '2023-04-26'),
    ('2023-01-01', 'ATL', 'BOS', 4, 2, '1/4', '2023-05-15'),
    ('2023-01-01', 'CHA', 'MIA', 3, 4, '1/4', '2023-05-17'),
    ('2023-01-01', 'PHI', 'WAS', 4, 2, '1/4', '2023-05-18'),
    ('2023-01-01', 'MEM', 'GSW', 4, 2, 'final', '2023-06-20');

INSERT INTO
    basketball.schedule (game_id, home_team_code, guest_team_code, date)
VALUES
    (1, 'LAL', 'BOS', '2024-01-01'),
    (2, 'BOS', 'LAL', '2024-01-05'),
    (3, 'GSW', 'LAC', '2024-01-10'),
    (4, 'LAC', 'GSW', '2024-01-15'),
    (5, 'MIA', 'NYK', '2024-01-20'),
    (6, 'NYK', 'MIA', '2024-01-25'),
    (7, 'DAL', 'HOU', '2024-02-01'),
    (8, 'HOU', 'DAL', '2024-02-05'),
    (9, 'PHI', 'BKN', '2024-02-10'),
    (10, 'BKN', 'PHI', '2024-02-15'),
    (11, 'PHX', 'SAS', '2024-02-20'),
    (12, 'SAS', 'PHX', '2024-02-25'),
    (13, 'UTA', 'POR', '2024-03-01'),
    (14, 'POR', 'UTA', '2024-03-05'),
    (15, 'DEN', 'OKC', '2024-03-10'),
    (16, 'OKC', 'DEN', '2024-03-15'),
    (17, 'ORL', 'MIN', '2024-03-20'),
    (18, 'MIN', 'ORL', '2024-03-25'),
    (19, 'ATL', 'DET', '2024-03-30'),
    (20, 'DET', 'ATL', '2024-04-01'),
    (21, 'MEM', 'IND', '2024-04-05'),
    (22, 'IND', 'MEM', '2024-04-10'),
    (23, 'CHI', 'SAC', '2024-04-15'),
    (24, 'SAC', 'CHI', '2024-04-20'),
    (25, 'CLE', 'TOR', '2024-04-25'),
    (26, 'TOR', 'CLE', '2024-04-30'),
    (27, 'CHA', 'WAS', '2024-05-05'),
    (28, 'WAS', 'CHA', '2024-05-10'),
    (29, 'NOP', 'MIL', '2024-05-15'),
    (30, 'MIL', 'NOP', '2024-05-20'),
    (31, 'LAL', 'HOU', '2024-05-25'),
    (32, 'HOU', 'LAL', '2024-05-30'),
    (33, 'BOS', 'NYK', '2024-06-05'),
    (34, 'NYK', 'BOS', '2024-06-10'),
    (35, 'GSW', 'DAL', '2024-06-15'),
    (36, 'DAL', 'GSW', '2024-06-20'),
    (37, 'MIA', 'LAC', '2024-06-25'),
    (38, 'LAC', 'MIA', '2024-06-30'),
    (39, 'PHI', 'HOU', '2024-07-05'),
    (40, 'HOU', 'PHI', '2024-07-10'),
    (41, 'PHX', 'DEN', '2024-07-15'),
    (42, 'DEN', 'PHX', '2024-07-20'),
    (43, 'UTA', 'POR', '2024-07-25'),
    (44, 'POR', 'UTA', '2024-07-30'),
    (45, 'ORL', 'OKC', '2024-08-05'),
    (46, 'OKC', 'ORL', '2024-08-10'),
    (47, 'MIN', 'MEM', '2024-08-15'),
    (48, 'MEM', 'MIN', '2024-08-20'),
    (49, 'ATL', 'IND', '2024-08-25'),
    (50, 'IND', 'ATL', '2024-08-30'),
    (51, 'DET', 'SAC', '2024-09-05'),
    (52, 'SAC', 'DET', '2024-09-10'),
    (53, 'CLE', 'TOR', '2024-09-15'),
    (54, 'TOR', 'CLE', '2024-09-20'),
    (55, 'CHA', 'WAS', '2024-09-25'),
    (56, 'WAS', 'CHA', '2024-09-30'),
    (57, 'NOP', 'MIL', '2024-10-05'),
    (58, 'MIL', 'NOP', '2024-10-10'),
    (59, 'LAL', 'HOU', '2024-10-15'),
    (60, 'HOU', 'LAL', '2024-10-20'),
    (61, 'BOS', 'NYK', '2024-10-25'),
    (62, 'NYK', 'BOS', '2024-10-30'),
    (63, 'GSW', 'DAL', '2024-11-05'),
    (64, 'DAL', 'GSW', '2024-11-10'),
    (65, 'MIA', 'LAC', '2024-11-15'),
    (66, 'LAC', 'MIA', '2024-11-20'),
    (67, 'PHI', 'HOU', '2024-11-25'),
    (68, 'HOU', 'PHI', '2024-11-30'),
    (69, 'PHX', 'DEN', '2024-12-05'),
    (70, 'DEN', 'PHX', '2024-12-10'),
    (71, 'UTA', 'POR', '2024-12-15'),
    (72, 'POR', 'UTA', '2024-12-20'),
    (73, 'ORL', 'OKC', '2024-12-25'),
    (74, 'OKC', 'ORL', '2024-12-30'),
    (75, 'MIN', 'MEM', '2025-01-05'),
    (76, 'MEM', 'MIN', '2025-01-10'),
    (77, 'ATL', 'IND', '2025-01-15'),
    (78, 'IND', 'ATL', '2025-01-20'),
    (79, 'DET', 'SAC', '2025-01-25'),
    (80, 'SAC', 'DET', '2025-01-30'),
    (81, 'IND', 'SAC', '2024-05-11'),
    (82, 'GSW', 'LAL', '2024-05-13'),
    (83, 'PHX', 'DEN', '2024-05-17'),
    (84, 'ATL', 'UTA', '2024-05-18');


INSERT INTO
    basketball.game_results (game_id, home_team_points, guest_team_points)
VALUES
    (1, 110, 105),
    (2, 112, 108),
    (3, 115, 100),
    (4, 102, 98),
    (5, 120, 115),
    (6, 105, 100),
    (7, 108, 102),
    (8, 98, 95),
    (9, 112, 110),
    (10, 118, 115),
    (11, 105, 100),
    (12, 99, 97),
    (13, 115, 112),
    (14, 103, 102),
    (15, 125, 120),
    (16, 98, 96),
    (17, 105, 100),
    (18, 110, 105),
    (19, 112, 108),
    (20, 108, 102),
    (21, 102, 100),
    (22, 115, 112),
    (23, 118, 115),
    (24, 110, 108),
    (25, 105, 102),
    (26, 99, 97),
    (27, 112, 108),
    (28, 118, 115),
    (29, 105, 100),
    (30, 98, 96),
    (31, 115, 112),
    (32, 120, 115),
    (33, 102, 100),
    (34, 115, 112),
    (35, 118, 115),
    (36, 105, 100),
    (37, 98, 95),
    (38, 112, 110),
    (39, 120, 115),
    (40, 105, 100),
    (41, 110, 108),
    (42, 102, 100),
    (43, 115, 112),
    (44, 118, 115),
    (45, 110, 108),
    (46, 105, 102),
    (47, 112, 108),
    (48, 118, 115),
    (49, 102, 100),
    (50, 115, 112),
    (51, 120, 115),
    (52, 105, 100),
    (53, 98, 96),
    (54, 112, 110),
    (55, 118, 115),
    (56, 105, 100),
    (57, 98, 95),
    (58, 112, 110),
    (59, 120, 115),
    (60, 105, 100),
    (61, 110, 108),
    (62, 102, 100),
    (63, 115, 112),
    (64, 118, 115),
    (65, 105, 100),
    (66, 98, 95),
    (67, 112, 110),
    (68, 120, 115),
    (69, 105, 100),
    (70, 110, 108),
    (71, 102, 100),
    (72, 115, 112),
    (73, 118, 115),
    (74, 110, 108),
    (75, 105, 102),
    (76, 112, 108),
    (77, 118, 115),
    (78, 102, 100),
    (79, 115, 112),
    (80, 120, 115);

INSERT INTO
    basketball.players
VALUES
    (1, 'Jaylen Brown', 198, 102),
    (2, 'CJ McCollum', 193, 84),
    (3, 'Kristaps Porzingis', 221, 109),
    (4, 'LaMelo Ball', 198, 82),
    (5, 'DeAaron Fox', 193, 86),
    (6, 'Kawhi Leonard', 201, 104),
    (7, 'DeMar DeRozan', 201, 104),
    (8, 'Ja Morant', 191, 79),
    (9, 'Deandre Ayton', 213, 110),
    (10, 'Jamal Murray', 193, 93),
    (11, 'James Harden', 210, 110),
    (12, 'Joel Embiid', 203, 100),
    (13, 'Luka Doncic', 198, 88),
    (14, 'Damian Lillard', 200, 95),
    (15, 'Devin Booker', 205, 100),
    (16, 'LeBron James', 205, 105),
    (17, 'Kevin Durant', 200, 95),
    (18, 'Stephen Curry', 198, 88),
    (19, 'Giannis Antetokounmpo', 203, 98),
    (20, 'Kawhi Leonard', 195, 85),
    (21, 'Stephen Curry', 191, 86),
    (22, 'Giannis Antetokounmpo', 211, 110),
    (23, 'Jimmy Butler', 201, 100),
    (24, 'Donovan Mitchell', 190, 98),
    (25, 'Rudy Gobert', 216, 117),
    (26, 'Anthony Davis', 195, 85),
    (27, 'Karl-Anthony Towns', 200, 90),
    (28, 'Jayson Tatum', 203, 95),
    (29, 'Ben Simmons', 198, 88),
    (30, 'Zion Williamson', 205, 105),
    (31, 'Russell Westbrook', 191, 90),
    (32, 'Jaylen Brown', 198, 100),
    (33, 'DeAaron Fox', 190, 85),
    (34, 'Deandre Ayton', 213, 110),
    (35, 'Jamal Murray', 193, 88),
    (36, 'Donovan Mitchell', 193, 90),
    (37, 'DeMar DeRozan', 201, 100),
    (38, 'Khris Middleton', 201, 95),
    (39, 'Rudy Gobert', 216, 120),
    (40, 'CJ McCollum', 193, 88),
    (41, 'Trae Young', 185, 80),
    (42, 'Jimmy Butler', 201, 100),
    (43, 'Bam Adebayo', 208, 115),
    (44, 'Kristaps Porzingis', 221, 109),
    (45, 'Ja Morant', 191, 88),
    (46, 'Luka Doncic', 201, 102),
    (47, 'Paul George', 206, 100),
    (48, 'Zion Williamson', 201, 129),
    (49, 'Nikola Jokic', 213, 113),
    (50, 'John Wall', 193, 88),
    (51, 'Damian Lillard', 191, 88),
    (52, 'Bradley Beal', 196, 92),
    (53, 'Julius Randle', 203, 113),
    (54, 'Karl-Anthony Towns', 213, 112),
    (55, 'Devin Booker', 198, 93),
    (56, 'Jayson Tatum', 203, 95),
    (57, 'Ben Simmons', 208, 104),
    (58, 'Kemba Walker', 183, 82),
    (59, 'Myles Turner', 211, 113),
    (60, 'DAngelo Russell', 193, 88);

INSERT INTO
    basketball.coaches_contracts (coach_id, team_code, cost, valid_from, valid_to)
VALUES
    (1, 'LAL', 6000000, '2024-01-01', '2026-12-31'),
    (2, 'BOS', 5500000, '2023-07-01', '2025-06-30'),
    (3, 'GSW', 5800000, '2024-02-15', '2026-02-14'),
    (4, 'MIA', 6300000, '2023-09-01', '2025-08-31'),
    (5, 'LAC', 6100000, '2024-03-10', '2026-03-09'),
    (6, 'MIL', 5900000, '2023-12-20', '2025-12-19'),
    (7, 'DAL', 5700000, '2024-04-05', '2026-04-04'),
    (8, 'PHI', 6400000, '2024-02-01', '2026-01-31'),
    (9, 'NYK', 6200000, '2023-10-15', '2025-10-14'),
    (10, 'BKN', 5800000, '2024-01-20', '2026-01-19'),
    (11, 'PHX', 5600000, '2023-08-10', '2025-08-09'),
    (12, 'UTA', 6100000, '2024-03-01', '2026-02-28'),
    (13, 'DEN', 5900000, '2023-11-05', '2025-11-04'),
    (14, 'POR', 6200000, '2024-04-15', '2026-04-14'),
    (15, 'HOU', 6400000, '2024-01-05', '2026-01-04'),
    (16, 'SAS', 5700000, '2023-09-20', '2025-09-19'),
    (17, 'OKC', 5600000, '2024-02-10', '2026-02-09'),
    (18, 'ORL', 6200000, '2023-07-25', '2025-07-24'),
    (19, 'MIN', 6300000, '2024-03-15', '2026-03-14'),
    (20, 'ATL', 5900000, '2024-04-01', '2026-03-31'),
    (21, 'DET', 6400000, '2023-10-01', '2025-09-30'),
    (22, 'MEM', 5700000, '2024-01-15', '2026-01-14'),
    (23, 'IND', 6200000, '2023-08-05', '2025-08-04'),
    (24, 'CHI', 6500000, '2024-02-20', '2026-02-19'),
    (25, 'SAC', 6000000, '2023-11-15', '2025-11-14'),
    (26, 'CLE', 6200000, '2024-04-10', '2026-04-09'),
    (27, 'CHA', 6300000, '2024-01-10', '2026-01-09'),
    (28, 'TOR', 5800000, '2023-09-25', '2025-09-24'),
    (29, 'WAS', 5600000, '2024-03-05', '2026-03-04'),
    (30, 'NOP', 6200000, '2023-07-10', '2025-07-09'),
    (1, 'MIL', 6500000, '2019-02-25', '2022-02-24'),
    (12, 'LAC', 5700000, '2021-11-20', '2022-11-19'),
    (13, 'DAL', 5800000, '2020-04-15', '2022-04-14'),
    (24, 'PHI', 6100000, '2023-01-05', '2025-01-04'),
    (5, 'BKN', 6000000, '2020-09-15', '2023-09-14'),
    (16, 'GSW', 5900000, '2018-03-20', '2022-03-19'),
    (27, 'LAL', 6300000, '2020-08-01', '2022-07-31'),
    (8, 'POR', 5700000, '2020-01-25', '2021-01-24'),
    (9, 'DEN', 6100000, '2021-10-10', '2022-10-09'),
    (20, 'HOU', 6500000, '2019-03-05', '2021-03-04'),
    (1, 'SAS', 5900000, '2020-11-20', '2022-11-19'),
    (11, 'OKC', 5800000, '2021-04-15', '2022-04-14'),
    (23, 'ORL', 6200000, '2019-01-05', '2020-01-04'),
    (14, 'MIN', 6100000, '2021-09-20', '2022-09-19'),
    (15, 'ATL', 6000000, '2020-04-10', '2022-04-09');

INSERT INTO
    basketball.players_contracts (player_id, team_code, cost, valid_from, valid_to)
VALUES
    (1, 'LAL', 35000000, '2024-01-01', '2026-12-31'),
    (1, 'LAL', 35000000, '2021-01-01', '2022-02-11'),
    (1, 'LAL', 35000000, '2022-04-01', '2023-12-31'),
    (2, 'BOS', 30000000, '2023-07-01', '2025-06-30'),
    (3, 'GSW', 28000000, '2024-02-15', '2026-02-14'),
    (4, 'MIA', 32000000, '2023-09-01', '2025-08-31'),
    (5, 'LAC', 31000000, '2024-03-10', '2026-03-09'),
    (6, 'MIL', 29000000, '2023-12-20', '2025-12-19'),
    (7, 'DAL', 30000000, '2024-04-05', '2026-04-04'),
    (8, 'PHI', 33000000, '2024-02-01', '2026-01-31'),
    (9, 'NYK', 31000000, '2023-10-15', '2025-10-14'),
    (10, 'BKN', 35000000, '2024-01-20', '2026-01-19'),
    (11, 'PHX', 28000000, '2023-08-10', '2025-08-09'),
    (12, 'UTA', 32000000, '2024-03-01', '2026-02-28'),
    (13, 'DEN', 30000000, '2023-11-05', '2025-11-04'),
    (14, 'POR', 31000000, '2024-04-15', '2026-04-14'),
    (15, 'HOU', 33000000, '2024-01-05', '2026-01-04'),
    (16, 'SAS', 29000000, '2023-09-20', '2025-09-19'),
    (17, 'OKC', 28000000, '2024-02-10', '2026-02-09'),
    (18, 'ORL', 31000000, '2023-07-25', '2025-07-24'),
    (19, 'MIN', 32000000, '2024-03-15', '2026-03-14'),
    (20, 'ATL', 30000000, '2024-04-01', '2026-03-31'),
    (21, 'DET', 33000000, '2023-10-01', '2025-09-30'),
    (22, 'MEM', 29000000, '2024-01-15', '2026-01-14'),
    (23, 'IND', 31000000, '2023-08-05', '2025-08-04'),
    (24, 'CHI', 34000000, '2024-02-20', '2026-02-19'),
    (25, 'SAC', 30000000, '2023-11-15', '2025-11-14'),
    (26, 'CLE', 31000000, '2024-04-10', '2026-04-09'),
    (27, 'CHA', 32000000, '2024-01-10', '2026-01-09'),
    (28, 'TOR', 29000000, '2023-09-25', '2025-09-24'),
    (29, 'WAS', 28000000, '2024-03-05', '2026-03-04'),
    (30, 'NOP', 31000000, '2023-07-10', '2025-07-09'),
    (31, 'MIL', 34000000, '2024-02-25', '2026-02-24'),
    (32, 'LAC', 29000000, '2023-11-20', '2025-11-19'),
    (33, 'DAL', 30000000, '2024-04-15', '2026-04-14'),
    (34, 'PHI', 32000000, '2024-01-05', '2026-01-04'),
    (35, 'BKN', 31000000, '2023-09-15', '2025-09-14'),
    (36, 'GSW', 30000000, '2024-03-20', '2026-03-19'),
    (37, 'LAL', 33000000, '2023-08-01', '2025-07-31'),
    (38, 'POR', 29000000, '2024-01-25', '2026-01-24'),
    (39, 'DEN', 31000000, '2023-10-10', '2025-10-09'),
    (40, 'HOU', 34000000, '2024-03-05', '2026-03-04'),
    (41, 'SAS', 30000000, '2023-11-20', '2025-11-19'),
    (42, 'OKC', 29000000, '2024-04-15', '2026-04-14'),
    (43, 'ORL', 32000000, '2024-01-05', '2026-01-04'),
    (44, 'MIN', 31000000, '2023-09-20', '2025-09-19'),
    (45, 'ATL', 30000000, '2024-04-10', '2026-04-09'),
    (46, 'DET', 33000000, '2023-08-05', '2025-08-04'),
    (47, 'MEM', 31000000, '2024-03-01', '2026-02-28'),
    (48, 'IND', 29000000, '2023-10-15', '2025-10-14'),
    (49, 'CHI', 32000000, '2024-04-05', '2026-04-04'),
    (50, 'SAC', 30000000, '2023-12-01', '2025-11-30'),
    (51, 'CLE', 31000000, '2024-01-20', '2026-01-19'),
    (52, 'CHA', 33000000, '2023-07-15', '2025-07-14'),
    (53, 'TOR', 29000000, '2024-03-10', '2026-03-09'),
    (54, 'WAS', 31000000, '2023-09-25', '2025-09-24'),
    (55, 'NOP', 32000000, '2024-04-15', '2026-04-14'),
    (56, 'MIL', 31000000, '2023-12-10', '2025-12-09'),
    (57, 'LAC', 34000000, '2024-02-05', '2026-02-04'),
    (58, 'DAL', 30000000, '2023-08-20', '2025-08-19'),
    (59, 'PHI', 32000000, '2024-03-15', '2026-03-14'),
    (60, 'BKN', 29000000, '2023-10-01', '2025-09-30');