ticket_id,fan_id,game_id,place
1,73,1,'G27'
2,55,1,'C2'
3,16,1,'F17'
4,97,1,'D13'
5,30,1,'B10'
6,24,1,'D2'
7,39,1,'B24'
8,35,1,'F3'
9,21,1,'D22'
10,25,1,'G9'
11,19,1,'D9'
12,20,1,'B5'
13,74,1,'B30'
14,37,1,'E16'
15,24,1,'C20'
16,40,1,'G26'
17,37,1,'C19'
18,71,1,'G24'
19,69,1,'C8'
20,63,1,'F8'
21,33,1,'D21'
22,58,1,'C7'
23,76,1,'D4'
24,20,1,'E14'
25,82,1,'F9'
26,77,1,'G15'
27,97,1,'F29'
28,19,1,'D28'
29,69,1,'C28'
30,75,1,'F29'
31,28,2,'F30'
32,76,2,'E4'
33,62,2,'G29'
34,77,2,'B15'
35,45,2,'B29'
36,13,2,'E5'
37,71,2,'E3'
38,28,2,'C21'
39,66,2,'E7'
40,60,2,'F30'
41,2,2,'C8'
42,19,2,'D29'
43,21,2,'C30'
44,1,2,'B18'
45,54,2,'E10'
46,63,2,'B10'
47,54,2,'D10'
48,50,2,'F22'
49,56,2,'C7'
50,57,2,'D24'
51,88,2,'F4'
52,49,2,'F11'
53,8,2,'G26'
54,25,2,'F16'
55,92,2,'B11'
56,41,2,'G19'
57,15,2,'F23'
58,5,2,'G27'
59,81,2,'E4'
60,89,2,'B12'
61,53,3,'G26'
62,47,3,'B2'
63,98,3,'F23'
64,69,3,'E28'
65,57,3,'F16'
66,45,3,'F11'
67,92,3,'G3'
68,47,3,'B29'
69,52,3,'G21'
70,33,3,'E13'
71,88,3,'D25'
72,99,3,'D12'
73,10,3,'B6'
74,89,3,'B19'
75,84,3,'C16'
76,77,3,'E1'
77,45,3,'G10'
78,86,3,'F26'
79,1,3,'E17'
80,63,3,'G11'
81,9,3,'D2'
82,1,3,'E12'
83,53,3,'B30'
84,30,3,'G9'
85,74,3,'C24'
86,69,3,'F26'
87,63,3,'F17'
88,82,3,'B12'
89,96,3,'E5'
90,43,3,'B11'
91,33,4,'B17'
92,75,4,'E17'
93,68,4,'D8'
94,79,4,'E27'
95,100,4,'C7'
96,69,4,'B20'
97,32,4,'G22'
98,62,4,'C29'
99,37,4,'D2'
100,72,4,'F7'
101,82,4,'F15'
102,68,4,'E16'
103,77,4,'C13'
104,88,4,'E25'
105,88,4,'C10'
106,40,4,'C28'
107,67,4,'D15'
108,31,4,'E12'
109,34,4,'F11'
110,35,4,'E6'
111,42,4,'C9'
112,24,4,'F12'
113,16,4,'D4'
114,49,4,'G9'
115,86,4,'G26'
116,53,4,'B1'
117,43,4,'D5'
118,53,4,'G7'
119,37,4,'B20'
120,80,4,'E11'
121,33,5,'E4'
122,71,5,'E10'
123,56,5,'C21'
124,16,5,'G3'
125,41,5,'G11'
126,18,5,'G6'
127,8,5,'F23'
128,35,5,'B19'
129,78,5,'E19'
130,24,5,'G26'
131,98,5,'G8'
132,19,5,'C15'
133,78,5,'B6'
134,75,5,'E22'
135,86,5,'G27'
136,25,5,'C12'
137,37,5,'B10'
138,57,5,'C28'
139,13,5,'C13'
140,8,5,'D17'
141,60,5,'D25'
142,93,5,'F4'
143,18,5,'F4'
144,82,5,'D8'
145,81,5,'C14'
146,1,5,'E21'
147,22,5,'C29'
148,93,5,'C24'
149,11,5,'G4'
150,41,5,'C29'
151,42,6,'D10'
152,96,6,'D29'
153,65,6,'F25'
154,67,6,'C18'
155,100,6,'D19'
156,5,6,'F14'
157,18,6,'D24'
158,69,6,'E15'
159,77,6,'C15'
160,20,6,'D23'
161,30,6,'B5'
162,10,6,'E2'
163,45,6,'F21'
164,28,6,'B26'
165,85,6,'B3'
166,59,6,'C30'
167,42,6,'E6'
168,97,6,'B26'
169,9,6,'F8'
170,43,6,'B15'
171,41,6,'D9'
172,2,6,'E26'
173,88,6,'E30'
174,39,6,'F29'
175,41,6,'E24'
176,70,6,'B5'
177,43,6,'C4'
178,49,6,'E23'
179,44,6,'D17'
180,78,6,'E1'
181,8,7,'C23'
182,73,7,'D4'
183,89,7,'E26'
184,3,7,'E21'
185,49,7,'D12'
186,79,7,'B19'
187,75,7,'F4'
188,84,7,'B4'
189,7,7,'B5'
190,43,7,'G28'
191,61,7,'B6'
192,17,7,'G9'
193,92,7,'D22'
194,52,7,'C5'
195,87,7,'F19'
196,20,7,'C8'
197,38,7,'F23'
198,42,7,'F4'
199,84,7,'G22'
200,66,7,'D28'
201,16,7,'F12'
202,56,7,'B17'
203,75,7,'E28'
204,41,7,'D11'
205,67,7,'E11'
206,71,7,'B7'
207,21,7,'F1'
208,7,7,'G10'
209,35,7,'B22'
210,83,7,'E11'
211,50,8,'E28'
212,27,8,'D7'
213,47,8,'F23'
214,72,8,'D6'
215,9,8,'F25'
216,36,8,'G25'
217,42,8,'C20'
218,30,8,'E1'
219,65,8,'C11'
220,8,8,'B22'
221,88,8,'E4'
222,99,8,'C7'
223,43,8,'E22'
224,50,8,'D13'
225,6,8,'G20'
226,80,8,'D22'
227,59,8,'F25'
228,31,8,'B27'
229,84,8,'C18'
230,68,8,'B15'
231,71,8,'G30'
232,34,8,'G22'
233,6,8,'D12'
234,89,8,'E4'
235,59,8,'B19'
236,53,8,'G2'
237,22,8,'C4'
238,18,8,'D28'
239,83,8,'B28'
240,46,8,'B16'
241,59,9,'F10'
242,71,9,'E22'
243,45,9,'E23'
244,43,9,'B12'
245,9,9,'B24'
246,13,9,'E11'
247,4,9,'D23'
248,52,9,'F26'
249,69,9,'G3'
250,30,9,'D17'
251,38,9,'G22'
252,15,9,'G15'
253,17,9,'C11'
254,3,9,'B26'
255,46,9,'E9'
256,71,9,'D17'
257,45,9,'C5'
258,41,9,'C29'
259,43,9,'G9'
260,46,9,'E19'
261,37,9,'D17'
262,2,9,'C29'
263,73,9,'B19'
264,54,9,'E4'
265,98,9,'D23'
266,39,9,'C7'
267,79,9,'D28'
268,35,9,'E17'
269,38,9,'C4'
270,17,9,'F17'
271,23,10,'B4'
272,12,10,'F26'
273,80,10,'D14'
274,100,10,'G2'
275,16,10,'D8'
276,53,10,'B19'
277,96,10,'D18'
278,92,10,'C14'
279,37,10,'B16'
280,79,10,'G26'
281,93,10,'B14'
282,85,10,'G22'
283,28,10,'E24'
284,82,10,'E23'
285,14,10,'E19'
286,84,10,'C10'
287,46,10,'G25'
288,42,10,'C6'
289,70,10,'B6'
290,24,10,'G11'
291,64,10,'G2'
292,83,10,'G10'
293,55,10,'F23'
294,48,10,'C11'
295,87,10,'C21'
296,7,10,'C3'
297,50,10,'C5'
298,83,10,'C18'
299,8,10,'E10'
300,35,10,'F25'
301,35,11,'F3'
302,50,11,'C6'
303,2,11,'D18'
304,23,11,'B22'
305,50,11,'B27'
306,23,11,'E18'
307,62,11,'F28'
308,52,11,'B5'
309,54,11,'D9'
310,2,11,'C16'
311,46,11,'G24'
312,69,11,'G30'
313,87,11,'B11'
314,85,11,'F8'
315,83,11,'C23'
316,55,11,'F1'
317,75,11,'G8'
318,68,11,'E20'
319,79,11,'C12'
320,74,11,'E9'
321,47,11,'F15'
322,61,11,'B3'
323,88,11,'B4'
324,81,11,'G19'
325,10,11,'G19'
326,84,11,'C21'
327,65,11,'C30'
328,49,11,'D15'
329,49,11,'D26'
330,84,11,'B24'
331,96,12,'B3'
332,27,12,'D29'
333,99,12,'B5'
334,97,12,'D17'
335,47,12,'F8'
336,8,12,'E7'
337,6,12,'E24'
338,17,12,'C15'
339,46,12,'E20'
340,83,12,'D8'
341,99,12,'B25'
342,63,12,'G11'
343,32,12,'C8'
344,80,12,'E11'
345,7,12,'G13'
346,43,12,'B23'
347,99,12,'C22'
348,7,12,'G29'
349,99,12,'E26'
350,63,12,'F6'
351,1,12,'D15'
352,93,12,'C5'
353,41,12,'G29'
354,38,12,'G16'
355,46,12,'D19'
356,98,12,'G9'
357,90,12,'C14'
358,71,12,'G3'
359,77,12,'F18'
360,61,12,'D1'
361,70,13,'C27'
362,44,13,'B9'
363,96,13,'F24'
364,77,13,'D30'
365,84,13,'G26'
366,46,13,'G10'
367,16,13,'B13'
368,25,13,'G8'
369,91,13,'F19'
370,68,13,'E3'
371,98,13,'B12'
372,31,13,'C8'
373,99,13,'C15'
374,29,13,'B7'
375,61,13,'E19'
376,15,13,'E21'
377,43,13,'C8'
378,15,13,'G28'
379,72,13,'G6'
380,4,13,'F16'
381,56,13,'C24'
382,49,13,'F10'
383,48,13,'B6'
384,40,13,'E24'
385,23,13,'E30'
386,24,13,'F2'
387,37,13,'F27'
388,34,13,'B22'
389,9,13,'G6'
390,100,13,'D19'
391,28,14,'C15'
392,29,14,'F1'
393,82,14,'B12'
394,97,14,'E4'
395,79,14,'G28'
396,29,14,'B5'
397,29,14,'E28'
398,13,14,'G20'
399,54,14,'F3'
400,67,14,'B29'
401,31,14,'C1'
402,30,14,'C21'
403,63,14,'D4'
404,88,14,'F18'
405,11,14,'F5'
406,1,14,'E26'
407,53,14,'F10'
408,94,14,'C1'
409,38,14,'C7'
410,75,14,'B16'
411,15,14,'C13'
412,85,14,'F30'
413,60,14,'G16'
414,35,14,'F5'
415,84,14,'B15'
416,50,14,'D2'
417,46,14,'F29'
418,93,14,'G28'
419,71,14,'E9'
420,21,14,'D2'
421,80,15,'C16'
422,88,15,'E15'
423,51,15,'C26'
424,73,15,'C10'
425,42,15,'E27'
426,70,15,'F18'
427,89,15,'D15'
428,48,15,'G1'
429,10,15,'G6'
430,65,15,'F23'
431,94,15,'D2'
432,28,15,'B21'
433,89,15,'E16'
434,21,15,'E11'
435,90,15,'G4'
436,6,15,'C26'
437,27,15,'B21'
438,83,15,'F3'
439,68,15,'B17'
440,96,15,'B5'
441,30,15,'G29'
442,10,15,'B28'
443,80,15,'D8'
444,73,15,'E12'
445,94,15,'C23'
446,85,15,'F12'
447,3,15,'E11'
448,100,15,'C8'
449,50,15,'C1'
450,19,15,'C17'
451,30,16,'G18'
452,45,16,'G6'
453,13,16,'C4'
454,75,16,'D22'
455,85,16,'D3'
456,99,16,'E10'
457,59,16,'G22'
458,61,16,'F10'
459,60,16,'C21'
460,94,16,'B5'
461,93,16,'D25'
462,20,16,'D15'
463,36,16,'G13'
464,13,16,'F20'
465,51,16,'E21'
466,64,16,'G25'
467,34,16,'F4'
468,6,16,'D4'
469,98,16,'B18'
470,78,16,'E4'
471,82,16,'E22'
472,12,16,'D6'
473,88,16,'D21'
474,88,16,'F5'
475,6,16,'B24'
476,30,16,'C1'
477,93,16,'E18'
478,61,16,'E27'
479,47,16,'B14'
480,47,16,'E26'
481,8,17,'F23'
482,36,17,'E17'
483,7,17,'G24'
484,93,17,'E12'
485,99,17,'B28'
486,95,17,'F19'
487,11,17,'C8'
488,20,17,'G26'
489,90,17,'F25'
490,87,17,'C29'
491,92,17,'E17'
492,40,17,'C16'
493,45,17,'B21'
494,99,17,'C18'
495,80,17,'F14'
496,79,17,'F15'
497,33,17,'D10'
498,67,17,'D18'
499,11,17,'G16'
500,66,17,'F29'
501,59,17,'G8'
502,64,17,'B30'
503,70,17,'C5'
504,30,17,'B2'
505,15,17,'C4'
506,84,17,'D19'
507,37,17,'B9'
508,63,17,'F29'
509,53,17,'E6'
510,9,17,'D7'
511,3,18,'C25'
512,6,18,'B15'
513,83,18,'E4'
514,98,18,'E13'
515,2,18,'C4'
516,82,18,'B19'
517,28,18,'G12'
518,51,18,'C1'
519,15,18,'G29'
520,56,18,'B5'
521,44,18,'G28'
522,76,18,'G28'
523,24,18,'G22'
524,98,18,'D6'
525,29,18,'D2'
526,2,18,'F29'
527,70,18,'B14'
528,97,18,'C15'
529,59,18,'C5'
530,80,18,'E6'
531,14,18,'E10'
532,29,18,'C5'
533,57,18,'B12'
534,48,18,'B7'
535,84,18,'F5'
536,97,18,'B5'
537,65,18,'D24'
538,92,18,'E6'
539,96,18,'F13'
540,24,18,'C29'
541,82,19,'B27'
542,86,19,'G29'
543,83,19,'D11'
544,13,19,'E11'
545,8,19,'B19'
546,58,19,'B1'
547,83,19,'B9'
548,82,19,'C3'
549,45,19,'F16'
550,24,19,'C16'
551,89,19,'B19'
552,79,19,'D13'
553,62,19,'D30'
554,86,19,'B17'
555,5,19,'E3'
556,53,19,'B3'
557,42,19,'D13'
558,9,19,'E23'
559,1,19,'B18'
560,27,19,'F26'
561,38,19,'G21'
562,8,19,'B22'
563,97,19,'B19'
564,26,19,'E19'
565,93,19,'E14'
566,68,19,'B2'
567,33,19,'F22'
568,67,19,'F6'
569,98,19,'E19'
570,35,19,'C21'
571,15,20,'F7'
572,45,20,'B27'
573,62,20,'D14'
574,64,20,'F7'
575,55,20,'F24'
576,69,20,'G12'
577,4,20,'G29'
578,4,20,'E18'
579,80,20,'F20'
580,49,20,'B30'
581,45,20,'F19'
582,48,20,'G18'
583,91,20,'C4'
584,55,20,'D6'
585,79,20,'E2'
586,14,20,'C22'
587,47,20,'D19'
588,42,20,'F24'
589,5,20,'F19'
590,10,20,'D10'
591,39,20,'E2'
592,26,20,'E16'
593,33,20,'F23'
594,27,20,'D30'
595,3,20,'F8'
596,65,20,'E21'
597,74,20,'G9'
598,58,20,'C24'
599,63,20,'B3'
600,7,20,'D27'
601,17,21,'B5'
602,66,21,'G27'
603,10,21,'B11'
604,56,21,'E9'
605,89,21,'D6'
606,63,21,'G4'
607,49,21,'D30'
608,54,21,'G10'
609,78,21,'G20'
610,51,21,'F5'
611,55,21,'D21'
612,60,21,'G10'
613,61,21,'B26'
614,27,21,'G7'
615,62,21,'C1'
616,65,21,'B17'
617,85,21,'F27'
618,33,21,'E19'
619,64,21,'D30'
620,71,21,'E12'
621,96,21,'B27'
622,72,21,'E24'
623,1,21,'D27'
624,13,21,'G23'
625,35,21,'E24'
626,85,21,'D9'
627,25,21,'G25'
628,51,21,'C16'
629,5,21,'D18'
630,13,21,'E2'
631,14,22,'E22'
632,60,22,'F13'
633,62,22,'C5'
634,67,22,'E13'
635,28,22,'F17'
636,84,22,'G6'
637,36,22,'E6'
638,60,22,'C21'
639,58,22,'C2'
640,73,22,'D19'
641,51,22,'C10'
642,99,22,'D22'
643,19,22,'E19'
644,21,22,'F6'
645,76,22,'B8'
646,45,22,'B8'
647,53,22,'G8'
648,69,22,'C17'
649,54,22,'B16'
650,79,22,'C26'
651,80,22,'B28'
652,36,22,'B10'
653,91,22,'B6'
654,3,22,'F27'
655,49,22,'E5'
656,63,22,'G30'
657,43,22,'E12'
658,30,22,'E20'
659,80,22,'C1'
660,33,22,'B17'
661,99,23,'G21'
662,44,23,'D24'
663,5,23,'F8'
664,34,23,'G13'
665,7,23,'D19'
666,6,23,'D16'
667,71,23,'D12'
668,87,23,'F9'
669,64,23,'F28'
670,33,23,'F3'
671,54,23,'D30'
672,64,23,'B4'
673,96,23,'D5'
674,49,23,'F8'
675,34,23,'G23'
676,84,23,'E2'
677,83,23,'E3'
678,91,23,'C3'
679,5,23,'B17'
680,40,23,'D26'
681,9,23,'G4'
682,48,23,'C16'
683,82,23,'G28'
684,92,23,'D20'
685,82,23,'G29'
686,16,23,'D26'
687,98,23,'B3'
688,21,23,'B4'
689,25,23,'F11'
690,65,23,'B20'
691,4,24,'G14'
692,38,24,'C23'
693,25,24,'E26'
694,69,24,'B18'
695,15,24,'D10'
696,9,24,'D11'
697,29,24,'E2'
698,98,24,'D9'
699,88,24,'D1'
700,44,24,'B8'
701,2,24,'D15'
702,93,24,'E30'
703,7,24,'B1'
704,78,24,'C12'
705,64,24,'D28'
706,36,24,'B27'
707,44,24,'C24'
708,63,24,'F5'
709,33,24,'F6'
710,33,24,'E20'
711,49,24,'B16'
712,3,24,'C2'
713,67,24,'E26'
714,35,24,'E20'
715,20,24,'C6'
716,22,24,'F18'
717,2,24,'B12'
718,55,24,'E22'
719,60,24,'B26'
720,40,24,'D4'
721,12,25,'B19'
722,18,25,'E27'
723,100,25,'F14'
724,52,25,'C26'
725,34,25,'E21'
726,80,25,'D24'
727,14,25,'G28'
728,9,25,'F11'
729,16,25,'F11'
730,44,25,'C4'
731,25,25,'F6'
732,49,25,'C9'
733,16,25,'F12'
734,29,25,'G12'
735,54,25,'D15'
736,65,25,'G12'
737,12,25,'E26'
738,2,25,'F7'
739,15,25,'G6'
740,63,25,'G11'
741,84,25,'E22'
742,77,25,'E28'
743,1,25,'C29'
744,9,25,'B21'
745,66,25,'G20'
746,38,25,'G15'
747,94,25,'G20'
748,26,25,'G20'
749,41,25,'C26'
750,19,25,'G15'
751,12,26,'F21'
752,40,26,'C29'
753,37,26,'G15'
754,21,26,'G1'
755,9,26,'E16'
756,83,26,'G22'
757,16,26,'C23'
758,73,26,'G10'
759,80,26,'G24'
760,72,26,'B8'
761,65,26,'B18'
762,26,26,'F23'
763,77,26,'E14'
764,75,26,'F7'
765,11,26,'F4'
766,17,26,'E17'
767,58,26,'D17'
768,3,26,'C26'
769,68,26,'B16'
770,2,26,'D3'
771,64,26,'D6'
772,60,26,'E14'
773,99,26,'F2'
774,11,26,'E1'
775,16,26,'D6'
776,81,26,'F24'
777,69,26,'C3'
778,84,26,'C14'
779,26,26,'G7'
780,36,26,'D12'
781,12,27,'G23'
782,44,27,'C17'
783,46,27,'D29'
784,7,27,'B5'
785,37,27,'D27'
786,93,27,'C2'
787,55,27,'B30'
788,3,27,'D26'
789,23,27,'F24'
790,27,27,'E24'
791,59,27,'F14'
792,83,27,'G29'
793,54,27,'G2'
794,36,27,'G15'
795,80,27,'F13'
796,97,27,'G24'
797,6,27,'C17'
798,50,27,'G23'
799,12,27,'G8'
800,88,27,'D10'
801,89,27,'C27'
802,22,27,'C8'
803,3,27,'E13'
804,30,27,'C26'
805,82,27,'B7'
806,21,27,'B8'
807,50,27,'C29'
808,94,27,'C4'
809,82,27,'F3'
810,78,27,'F27'
811,44,28,'D20'
812,78,28,'D21'
813,2,28,'F3'
814,23,28,'C7'
815,77,28,'G26'
816,26,28,'F4'
817,35,28,'B20'
818,7,28,'B3'
819,14,28,'G8'
820,32,28,'F7'
821,19,28,'G28'
822,68,28,'C2'
823,96,28,'G17'
824,7,28,'G21'
825,27,28,'D7'
826,19,28,'C4'
827,76,28,'B29'
828,88,28,'B21'
829,26,28,'C16'
830,77,28,'C5'
831,62,28,'C1'
832,43,28,'B11'
833,62,28,'G27'
834,64,28,'G15'
835,79,28,'B22'
836,61,28,'B27'
837,60,28,'C12'
838,50,28,'E2'
839,18,28,'G3'
840,89,28,'C15'
841,66,29,'F10'
842,64,29,'C9'
843,12,29,'G8'
844,52,29,'C2'
845,79,29,'E3'
846,7,29,'D15'
847,46,29,'B20'
848,88,29,'C3'
849,29,29,'B15'
850,70,29,'F2'
851,81,29,'C5'
852,78,29,'C12'
853,33,29,'G12'
854,4,29,'C8'
855,71,29,'E22'
856,61,29,'G22'
857,32,29,'E1'
858,60,29,'C17'
859,96,29,'G4'
860,30,29,'G4'
861,19,29,'E21'
862,57,29,'B3'
863,47,29,'F24'
864,19,29,'B13'
865,100,29,'F23'
866,35,29,'F2'
867,73,29,'F22'
868,64,29,'F30'
869,32,29,'D4'
870,21,29,'B5'
871,13,30,'B20'
872,71,30,'C10'
873,91,30,'D26'
874,74,30,'F10'
875,24,30,'F8'
876,19,30,'E25'
877,33,30,'B12'
878,86,30,'B29'
879,36,30,'B29'
880,19,30,'C25'
881,21,30,'D23'
882,51,30,'E9'
883,15,30,'B15'
884,1,30,'D3'
885,15,30,'F22'
886,71,30,'F9'
887,90,30,'F4'
888,43,30,'B16'
889,15,30,'D21'
890,58,30,'F6'
891,65,30,'C16'
892,36,30,'B24'
893,42,30,'D23'
894,67,30,'C23'
895,18,30,'F19'
896,47,30,'B7'
897,91,30,'C17'
898,44,30,'C13'
899,93,30,'F16'
900,98,30,'D4'
901,96,31,'D14'
902,32,31,'E1'
903,97,31,'F19'
904,91,31,'F30'
905,25,31,'E7'
906,6,31,'B13'
907,100,31,'B28'
908,23,31,'G23'
909,8,31,'E4'
910,25,31,'F27'
911,64,31,'C18'
912,10,31,'F28'
913,23,31,'D21'
914,41,31,'F7'
915,47,31,'C14'
916,13,31,'E26'
917,99,31,'C25'
918,4,31,'B18'
919,5,31,'G16'
920,30,31,'E30'
921,34,31,'B30'
922,62,31,'F12'
923,63,31,'G25'
924,2,31,'C13'
925,74,31,'G2'
926,42,31,'F14'
927,74,31,'E15'
928,47,31,'G20'
929,72,31,'D6'
930,89,31,'B1'
931,65,32,'E28'
932,90,32,'C28'
933,84,32,'E28'
934,78,32,'C17'
935,93,32,'E29'
936,25,32,'D30'
937,45,32,'D15'
938,5,32,'B30'
939,56,32,'B4'
940,20,32,'G21'
941,27,32,'G1'
942,58,32,'E12'
943,53,32,'E6'
944,94,32,'D8'
945,92,32,'F23'
946,61,32,'B9'
947,52,32,'C24'
948,78,32,'C1'
949,100,32,'B19'
950,38,32,'B14'
951,9,32,'D17'
952,54,32,'D14'
953,55,32,'C17'
954,3,32,'F17'
955,100,32,'G27'
956,98,32,'G9'
957,6,32,'F29'
958,55,32,'D28'
959,93,32,'G3'
960,61,32,'E24'
961,50,33,'E30'
962,50,33,'E16'
963,27,33,'B29'
964,15,33,'D22'
965,83,33,'E18'
966,16,33,'F15'
967,8,33,'E17'
968,78,33,'E24'
969,17,33,'E28'
970,46,33,'F26'
971,7,33,'E22'
972,61,33,'B14'
973,39,33,'D4'
974,100,33,'F15'
975,76,33,'G16'
976,60,33,'F22'
977,63,33,'C9'
978,7,33,'B8'
979,80,33,'F8'
980,66,33,'E7'
981,70,33,'G15'
982,82,33,'F24'
983,5,33,'C16'
984,99,33,'G30'
985,65,33,'E26'
986,26,33,'F23'
987,20,33,'C13'
988,22,33,'B18'
989,86,33,'E7'
990,37,33,'F13'
991,54,34,'G8'
992,40,34,'E9'
993,51,34,'G18'
994,12,34,'G28'
995,74,34,'D3'
996,87,34,'F30'
997,91,34,'C4'
998,94,34,'B16'
999,66,34,'E14'
1000,40,34,'C14'
1001,96,34,'F16'
1002,42,34,'C23'
1003,82,34,'B12'
1004,21,34,'E14'
1005,86,34,'B7'
1006,6,34,'C6'
1007,63,34,'F19'
1008,47,34,'F20'
1009,98,34,'E12'
1010,26,34,'G15'
1011,22,34,'F5'
1012,88,34,'G29'
1013,42,34,'D1'
1014,32,34,'B26'
1015,38,34,'G3'
1016,81,34,'D1'
1017,29,34,'B22'
1018,77,34,'B8'
1019,49,34,'C8'
1020,32,34,'G5'
1021,4,35,'B24'
1022,11,35,'D16'
1023,92,35,'C19'
1024,95,35,'F3'
1025,46,35,'F10'
1026,83,35,'F27'
1027,65,35,'D2'
1028,47,35,'E1'
1029,21,35,'G19'
1030,71,35,'E12'
1031,3,35,'F5'
1032,27,35,'G5'
1033,51,35,'B8'
1034,40,35,'G27'
1035,3,35,'F1'
1036,76,35,'C11'
1037,48,35,'D7'
1038,66,35,'D16'
1039,42,35,'G26'
1040,75,35,'F16'
1041,96,35,'B18'
1042,50,35,'D29'
1043,30,35,'D26'
1044,72,35,'E9'
1045,41,35,'B24'
1046,83,35,'F26'
1047,49,35,'F26'
1048,52,35,'C3'
1049,64,35,'G8'
1050,88,35,'E30'
1051,32,36,'F11'
1052,53,36,'C6'
1053,78,36,'D26'
1054,1,36,'G28'
1055,34,36,'B25'
1056,57,36,'F12'
1057,77,36,'B24'
1058,84,36,'D11'
1059,69,36,'G12'
1060,79,36,'C10'
1061,71,36,'G9'
1062,58,36,'G8'
1063,32,36,'E22'
1064,19,36,'D4'
1065,20,36,'G14'
1066,45,36,'D15'
1067,96,36,'D6'
1068,93,36,'E29'
1069,95,36,'C7'
1070,95,36,'E18'
1071,100,36,'G11'
1072,50,36,'D20'
1073,66,36,'F27'
1074,28,36,'B22'
1075,3,36,'B2'
1076,80,36,'D7'
1077,78,36,'F11'
1078,74,36,'F7'
1079,82,36,'C23'
1080,55,36,'B7'
1081,96,37,'B4'
1082,80,37,'G11'
1083,14,37,'G16'
1084,14,37,'E20'
1085,10,37,'D21'
1086,27,37,'B11'
1087,42,37,'C14'
1088,62,37,'E11'
1089,2,37,'F7'
1090,23,37,'F25'
1091,84,37,'F1'
1092,68,37,'D30'
1093,67,37,'B16'
1094,17,37,'C12'
1095,41,37,'E24'
1096,37,37,'C29'
1097,48,37,'E13'
1098,28,37,'B25'
1099,3,37,'E3'
1100,1,37,'G30'
1101,87,37,'G28'
1102,59,37,'D23'
1103,14,37,'F26'
1104,49,37,'E13'
1105,21,37,'G26'
1106,21,37,'B7'
1107,27,37,'F26'
1108,42,37,'G14'
1109,80,37,'D12'
1110,43,37,'G29'
1111,57,38,'E11'
1112,99,38,'B9'
1113,18,38,'G6'
1114,57,38,'G22'
1115,61,38,'E2'
1116,9,38,'C13'
1117,27,38,'G4'
1118,40,38,'B1'
1119,71,38,'B8'
1120,54,38,'F11'
1121,98,38,'D5'
1122,40,38,'F29'
1123,69,38,'E18'
1124,81,38,'D28'
1125,89,38,'F13'
1126,50,38,'D21'
1127,97,38,'G17'
1128,76,38,'F28'
1129,29,38,'D15'
1130,98,38,'E28'
1131,2,38,'G1'
1132,10,38,'C30'
1133,1,38,'C2'
1134,59,38,'G17'
1135,66,38,'D27'
1136,84,38,'G15'
1137,14,38,'G13'
1138,37,38,'E19'
1139,60,38,'F29'
1140,77,38,'E25'
1141,51,39,'B24'
1142,28,39,'D27'
1143,97,39,'B8'
1144,93,39,'G21'
1145,19,39,'C1'
1146,15,39,'B20'
1147,26,39,'B22'
1148,24,39,'C28'
1149,58,39,'E5'
1150,2,39,'F6'
1151,89,39,'B20'
1152,25,39,'C29'
1153,53,39,'F10'
1154,80,39,'C2'
1155,42,39,'E19'
1156,9,39,'B20'
1157,23,39,'E9'
1158,24,39,'D6'
1159,69,39,'B22'
1160,87,39,'D1'
1161,44,39,'E22'
1162,28,39,'E2'
1163,75,39,'F26'
1164,26,39,'E12'
1165,74,39,'E20'
1166,28,39,'C29'
1167,20,39,'C5'
1168,17,39,'E5'
1169,32,39,'F10'
1170,82,39,'C5'
1171,85,40,'F5'
1172,47,40,'D12'
1173,31,40,'E19'
1174,93,40,'D16'
1175,29,40,'E17'
1176,88,40,'B12'
1177,26,40,'G12'
1178,39,40,'D22'
1179,99,40,'B27'
1180,94,40,'E16'
1181,84,40,'B27'
1182,33,40,'D30'
1183,19,40,'E12'
1184,26,40,'B9'
1185,28,40,'G18'
1186,58,40,'B22'
1187,59,40,'F7'
1188,5,40,'E27'
1189,89,40,'B9'
1190,14,40,'F5'
1191,20,40,'G17'
1192,38,40,'G4'
1193,28,40,'G14'
1194,31,40,'C30'
1195,79,40,'G5'
1196,30,40,'C30'
1197,34,40,'F2'
1198,48,40,'E10'
1199,39,40,'F12'
1200,16,40,'E25'
1201,98,41,'D21'
1202,31,41,'C30'
1203,52,41,'B17'
1204,11,41,'C27'
1205,74,41,'E1'
1206,32,41,'F20'
1207,63,41,'C2'
1208,63,41,'F24'
1209,44,41,'F5'
1210,72,41,'F16'
1211,35,41,'G9'
1212,14,41,'D12'
1213,41,41,'G23'
1214,44,41,'B18'
1215,89,41,'F16'
1216,87,41,'E21'
1217,89,41,'D19'
1218,36,41,'G11'
1219,9,41,'F14'
1220,80,41,'G3'
1221,8,41,'F6'
1222,47,41,'B5'
1223,77,41,'B19'
1224,23,41,'F9'
1225,58,41,'F5'
1226,70,41,'B25'
1227,48,41,'C16'
1228,82,41,'C8'
1229,14,41,'B10'
1230,13,41,'B6'
1231,44,42,'B16'
1232,8,42,'B4'
1233,52,42,'C12'
1234,36,42,'E2'
1235,53,42,'C9'
1236,6,42,'E3'
1237,73,42,'G7'
1238,36,42,'G9'
1239,40,42,'C10'
1240,7,42,'F29'
1241,34,42,'E8'
1242,67,42,'E9'
1243,45,42,'F15'
1244,41,42,'F11'
1245,72,42,'B19'
1246,84,42,'D24'
1247,92,42,'B7'
1248,32,42,'F23'
1249,31,42,'G20'
1250,100,42,'B25'
1251,46,42,'G16'
1252,84,42,'C1'
1253,3,42,'C20'
1254,12,42,'B17'
1255,15,42,'E30'
1256,61,42,'F24'
1257,12,42,'C15'
1258,63,42,'E1'
1259,49,42,'G4'
1260,37,42,'E18'
1261,66,43,'F24'
1262,90,43,'G23'
1263,55,43,'E27'
1264,30,43,'E16'
1265,85,43,'E27'
1266,98,43,'D30'
1267,42,43,'B27'
1268,86,43,'F8'
1269,92,43,'D20'
1270,94,43,'E17'
1271,60,43,'B11'
1272,52,43,'D30'
1273,82,43,'G29'
1274,11,43,'B19'
1275,3,43,'E20'
1276,49,43,'D10'
1277,10,43,'F18'
1278,59,43,'F28'
1279,98,43,'E24'
1280,61,43,'F27'
1281,64,43,'B5'
1282,18,43,'C9'
1283,37,43,'G6'
1284,79,43,'D3'
1285,93,43,'B19'
1286,84,43,'E16'
1287,82,43,'B28'
1288,52,43,'B11'
1289,67,43,'B21'
1290,65,43,'F8'
1291,84,44,'D27'
1292,47,44,'C15'
1293,80,44,'D29'
1294,28,44,'C19'
1295,43,44,'E13'
1296,77,44,'D21'
1297,26,44,'E9'
1298,19,44,'C22'
1299,26,44,'B14'
1300,90,44,'D6'
1301,38,44,'F10'
1302,60,44,'F28'
1303,50,44,'E9'
1304,10,44,'B30'
1305,84,44,'F1'
1306,73,44,'B4'
1307,37,44,'F19'
1308,80,44,'F24'
1309,48,44,'D6'
1310,44,44,'E28'
1311,53,44,'C25'
1312,15,44,'B27'
1313,36,44,'D18'
1314,22,44,'B2'
1315,64,44,'B29'
1316,67,44,'F21'
1317,25,44,'C8'
1318,96,44,'F11'
1319,30,44,'G13'
1320,49,44,'G1'
1321,71,45,'B14'
1322,63,45,'G24'
1323,71,45,'E9'
1324,92,45,'F21'
1325,79,45,'F13'
1326,1,45,'F17'
1327,84,45,'E17'
1328,48,45,'B9'
1329,53,45,'F6'
1330,68,45,'F22'
1331,63,45,'B9'
1332,15,45,'D7'
1333,86,45,'E30'
1334,64,45,'D23'
1335,58,45,'B17'
1336,53,45,'G24'
1337,21,45,'B17'
1338,67,45,'D3'
1339,42,45,'F1'
1340,5,45,'E14'
1341,97,45,'C13'
1342,72,45,'B29'
1343,53,45,'G28'
1344,97,45,'E14'
1345,9,45,'F9'
1346,87,45,'C29'
1347,90,45,'G23'
1348,68,45,'G30'
1349,77,45,'E6'
1350,52,45,'B17'
1351,99,46,'F13'
1352,71,46,'D15'
1353,61,46,'F21'
1354,37,46,'D22'
1355,13,46,'F8'
1356,43,46,'F28'
1357,23,46,'D28'
1358,85,46,'G25'
1359,55,46,'F9'
1360,72,46,'G14'
1361,98,46,'E17'
1362,33,46,'E5'
1363,47,46,'C2'
1364,79,46,'D8'
1365,6,46,'D2'
1366,90,46,'E1'
1367,77,46,'E20'
1368,71,46,'C25'
1369,81,46,'F7'
1370,88,46,'E1'
1371,8,46,'B22'
1372,22,46,'D24'
1373,15,46,'E18'
1374,57,46,'C22'
1375,31,46,'B5'
1376,57,46,'G17'
1377,63,46,'C10'
1378,23,46,'F16'
1379,81,46,'F18'
1380,15,46,'E26'
1381,99,47,'B10'
1382,75,47,'D9'
1383,15,47,'E21'
1384,90,47,'G24'
1385,96,47,'D22'
1386,96,47,'G20'
1387,74,47,'F8'
1388,29,47,'D24'
1389,42,47,'E5'
1390,69,47,'E12'
1391,50,47,'G15'
1392,8,47,'E16'
1393,38,47,'D11'
1394,74,47,'D18'
1395,94,47,'E27'
1396,19,47,'D16'
1397,12,47,'B8'
1398,37,47,'C11'
1399,75,47,'C28'
1400,14,47,'D26'
1401,31,47,'G1'
1402,41,47,'C17'
1403,58,47,'F12'
1404,29,47,'B25'
1405,98,47,'G13'
1406,25,47,'G8'
1407,9,47,'F14'
1408,29,47,'D13'
1409,88,47,'E20'
1410,65,47,'B15'
1411,7,48,'E26'
1412,75,48,'D24'
1413,49,48,'G5'
1414,55,48,'F13'
1415,79,48,'G12'
1416,77,48,'G2'
1417,84,48,'E8'
1418,36,48,'E6'
1419,93,48,'B14'
1420,73,48,'E29'
1421,6,48,'F4'
1422,45,48,'C16'
1423,82,48,'B23'
1424,86,48,'E26'
1425,5,48,'G23'
1426,89,48,'B22'
1427,26,48,'E27'
1428,19,48,'E8'
1429,59,48,'G18'
1430,57,48,'G26'
1431,9,48,'D29'
1432,33,48,'G4'
1433,52,48,'C12'
1434,4,48,'F25'
1435,20,48,'C1'
1436,17,48,'G17'
1437,34,48,'E22'
1438,60,48,'C14'
1439,52,48,'D29'
1440,46,48,'F20'
1441,21,49,'B7'
1442,50,49,'C14'
1443,8,49,'B12'
1444,71,49,'C17'
1445,18,49,'E22'
1446,4,49,'B7'
1447,43,49,'C24'
1448,46,49,'B6'
1449,94,49,'C30'
1450,96,49,'C24'
1451,16,49,'F20'
1452,24,49,'B4'
1453,5,49,'E30'
1454,90,49,'B15'
1455,29,49,'E5'
1456,53,49,'B30'
1457,79,49,'B15'
1458,90,49,'B29'
1459,2,49,'E11'
1460,39,49,'G16'
1461,69,49,'D27'
1462,99,49,'G25'
1463,47,49,'D28'
1464,23,49,'D4'
1465,35,49,'G19'
1466,71,49,'E28'
1467,39,49,'D25'
1468,88,49,'G2'
1469,76,49,'E24'
1470,57,49,'D29'
1471,44,50,'C3'
1472,90,50,'B25'
1473,98,50,'E25'
1474,83,50,'D6'
1475,23,50,'E23'
1476,87,50,'F30'
1477,97,50,'B9'
1478,46,50,'B4'
1479,10,50,'F17'
1480,25,50,'F20'
1481,55,50,'G7'
1482,78,50,'E9'
1483,69,50,'F21'
1484,10,50,'E10'
1485,74,50,'C29'
1486,11,50,'E8'
1487,34,50,'F16'
1488,58,50,'F3'
1489,57,50,'D20'
1490,86,50,'E21'
1491,60,50,'F21'
1492,91,50,'B17'
1493,55,50,'D11'
1494,69,50,'C27'
1495,52,50,'E28'
1496,49,50,'E11'
1497,53,50,'D13'
1498,81,50,'B1'
1499,94,50,'F25'
1500,99,50,'G13'
1501,68,51,'F19'
1502,83,51,'B8'
1503,66,51,'F20'
1504,52,51,'F14'
1505,12,51,'G14'
1506,5,51,'B5'
1507,64,51,'E30'
1508,11,51,'F4'
1509,52,51,'B12'
1510,65,51,'G7'
1511,83,51,'G25'
1512,94,51,'B28'
1513,40,51,'D23'
1514,69,51,'F10'
1515,30,51,'D21'
1516,13,51,'F30'
1517,88,51,'B30'
1518,62,51,'E7'
1519,89,51,'E14'
1520,79,51,'G29'
1521,58,51,'B9'
1522,26,51,'D10'
1523,87,51,'E26'
1524,91,51,'E13'
1525,89,51,'B27'
1526,12,51,'G24'
1527,62,51,'F16'
1528,51,51,'C10'
1529,62,51,'B17'
1530,98,51,'B18'
1531,56,52,'E24'
1532,55,52,'F5'
1533,86,52,'F27'
1534,86,52,'G23'
1535,96,52,'D2'
1536,100,52,'F5'
1537,10,52,'F6'
1538,86,52,'B17'
1539,13,52,'B24'
1540,62,52,'E28'
1541,18,52,'B13'
1542,48,52,'F30'
1543,77,52,'E13'
1544,49,52,'C3'
1545,97,52,'G19'
1546,96,52,'E12'
1547,85,52,'D16'
1548,10,52,'C6'
1549,87,52,'C26'
1550,49,52,'D9'
1551,63,52,'C22'
1552,78,52,'F17'
1553,66,52,'F23'
1554,100,52,'C18'
1555,62,52,'F7'
1556,83,52,'D1'
1557,96,52,'G24'
1558,80,52,'D13'
1559,69,52,'D4'
1560,42,52,'D29'
1561,28,53,'F20'
1562,11,53,'G9'
1563,68,53,'D4'
1564,72,53,'B12'
1565,64,53,'F22'
1566,10,53,'D21'
1567,61,53,'F26'
1568,50,53,'F19'
1569,97,53,'E3'
1570,20,53,'E27'
1571,63,53,'C24'
1572,11,53,'G21'
1573,29,53,'E7'
1574,89,53,'C5'
1575,43,53,'C8'
1576,23,53,'B19'
1577,51,53,'E21'
1578,81,53,'F30'
1579,45,53,'E10'
1580,52,53,'F13'
1581,2,53,'C7'
1582,64,53,'B20'
1583,59,53,'D6'
1584,22,53,'G5'
1585,53,53,'G10'
1586,78,53,'F17'
1587,78,53,'C25'
1588,84,53,'D20'
1589,24,53,'C26'
1590,38,53,'E26'
1591,18,54,'E21'
1592,100,54,'G17'
1593,33,54,'F15'
1594,69,54,'E11'
1595,73,54,'C2'
1596,40,54,'D25'
1597,19,54,'D6'
1598,27,54,'D8'
1599,41,54,'C27'
1600,21,54,'B3'
1601,33,54,'G4'
1602,92,54,'C30'
1603,84,54,'G22'
1604,67,54,'B11'
1605,67,54,'D23'
1606,64,54,'G15'
1607,62,54,'C28'
1608,92,54,'G22'
1609,64,54,'C28'
1610,59,54,'F7'
1611,38,54,'C12'
1612,63,54,'G12'
1613,1,54,'E28'
1614,97,54,'C27'
1615,52,54,'F20'
1616,59,54,'B25'
1617,85,54,'F30'
1618,95,54,'F17'
1619,34,54,'C12'
1620,40,54,'D8'
1621,45,55,'E4'
1622,63,55,'B6'
1623,49,55,'D12'
1624,6,55,'D13'
1625,87,55,'E6'
1626,97,55,'E29'
1627,22,55,'C13'
1628,31,55,'F8'
1629,19,55,'B4'
1630,66,55,'F24'
1631,73,55,'E16'
1632,47,55,'C25'
1633,67,55,'G4'
1634,14,55,'G4'
1635,99,55,'D2'
1636,85,55,'C3'
1637,63,55,'B13'
1638,80,55,'G13'
1639,54,55,'F20'
1640,30,55,'G26'
1641,70,55,'C24'
1642,99,55,'B28'
1643,6,55,'B9'
1644,56,55,'D29'
1645,27,55,'D5'
1646,16,55,'B30'
1647,64,55,'E11'
1648,88,55,'C1'
1649,99,55,'C12'
1650,28,55,'B2'
1651,75,56,'D30'
1652,25,56,'E11'
1653,85,56,'G19'
1654,21,56,'B7'
1655,19,56,'F9'
1656,16,56,'B17'
1657,76,56,'F3'
1658,51,56,'G3'
1659,10,56,'E20'
1660,71,56,'B1'
1661,70,56,'E26'
1662,96,56,'D4'
1663,92,56,'G18'
1664,63,56,'B20'
1665,37,56,'G23'
1666,67,56,'G5'
1667,21,56,'C27'
1668,98,56,'E21'
1669,93,56,'E13'
1670,95,56,'B17'
1671,11,56,'C16'
1672,8,56,'C29'
1673,39,56,'B16'
1674,92,56,'D13'
1675,12,56,'G8'
1676,36,56,'F7'
1677,96,56,'D18'
1678,90,56,'B11'
1679,67,56,'C15'
1680,23,56,'C9'
1681,68,57,'B24'
1682,77,57,'B25'
1683,34,57,'F6'
1684,79,57,'F29'
1685,95,57,'E2'
1686,62,57,'C18'
1687,41,57,'F5'
1688,67,57,'E20'
1689,55,57,'B8'
1690,85,57,'G20'
1691,60,57,'G14'
1692,76,57,'G7'
1693,90,57,'G25'
1694,22,57,'G20'
1695,66,57,'F1'
1696,16,57,'C30'
1697,24,57,'D21'
1698,63,57,'E14'
1699,79,57,'F2'
1700,87,57,'G26'
1701,2,57,'B23'
1702,58,57,'G29'
1703,61,57,'E5'
1704,8,57,'D30'
1705,85,57,'E6'
1706,42,57,'D15'
1707,77,57,'E15'
1708,24,57,'F13'
1709,73,57,'G30'
1710,13,57,'D20'
1711,25,58,'D9'
1712,50,58,'G6'
1713,11,58,'B27'
1714,69,58,'G10'
1715,20,58,'D12'
1716,56,58,'B1'
1717,76,58,'E10'
1718,36,58,'B17'
1719,97,58,'F9'
1720,64,58,'D10'
1721,1,58,'D16'
1722,41,58,'D17'
1723,27,58,'E1'
1724,1,58,'G2'
1725,8,58,'F2'
1726,6,58,'C30'
1727,24,58,'C24'
1728,69,58,'G25'
1729,79,58,'F10'
1730,47,58,'D12'
1731,92,58,'E3'
1732,17,58,'C13'
1733,42,58,'F3'
1734,89,58,'F12'
1735,76,58,'D9'
1736,92,58,'G18'
1737,17,58,'G9'
1738,89,58,'C29'
1739,59,58,'B3'
1740,7,58,'D27'
1741,54,59,'D26'
1742,74,59,'B6'
1743,4,59,'E12'
1744,34,59,'F15'
1745,36,59,'F26'
1746,68,59,'D13'
1747,25,59,'B4'
1748,24,59,'G2'
1749,93,59,'C19'
1750,57,59,'C1'
1751,30,59,'F22'
1752,19,59,'E1'
1753,50,59,'G2'
1754,20,59,'F12'
1755,19,59,'F27'
1756,58,59,'F23'
1757,92,59,'D28'
1758,69,59,'G18'
1759,38,59,'F15'
1760,14,59,'C6'
1761,2,59,'G6'
1762,46,59,'F7'
1763,64,59,'G12'
1764,90,59,'F29'
1765,10,59,'B7'
1766,28,59,'G25'
1767,73,59,'D23'
1768,57,59,'B9'
1769,69,59,'D19'
1770,26,59,'F17'
1771,53,60,'D13'
1772,12,60,'G4'
1773,60,60,'B16'
1774,93,60,'B6'
1775,91,60,'F8'
1776,37,60,'F29'
1777,93,60,'D10'
1778,8,60,'B27'
1779,94,60,'E19'
1780,1,60,'D22'
1781,70,60,'E11'
1782,70,60,'G19'
1783,32,60,'F14'
1784,50,60,'G21'
1785,15,60,'D18'
1786,100,60,'B11'
1787,37,60,'G22'
1788,27,60,'F5'
1789,68,60,'E24'
1790,38,60,'F23'
1791,97,60,'B27'
1792,18,60,'G23'
1793,10,60,'E7'
1794,32,60,'G28'
1795,46,60,'B30'
1796,52,60,'E26'
1797,86,60,'B4'
1798,99,60,'B1'
1799,97,60,'G4'
1800,37,60,'G15'
1801,30,61,'C6'
1802,86,61,'D20'
1803,47,61,'B7'
1804,20,61,'G25'
1805,45,61,'B15'
1806,53,61,'B18'
1807,89,61,'D11'
1808,84,61,'G11'
1809,53,61,'B24'
1810,68,61,'B20'
1811,63,61,'C28'
1812,91,61,'G16'
1813,9,61,'D13'
1814,71,61,'D24'
1815,28,61,'E10'
1816,22,61,'B27'
1817,6,61,'D11'
1818,23,61,'B16'
1819,89,61,'G4'
1820,11,61,'F21'
1821,62,61,'F22'
1822,49,61,'F12'
1823,70,61,'B28'
1824,4,61,'G8'
1825,100,61,'E21'
1826,88,61,'G17'
1827,19,61,'G21'
1828,88,61,'B14'
1829,99,61,'C10'
1830,82,61,'F30'
1831,27,62,'B25'
1832,69,62,'D19'
1833,85,62,'C26'
1834,74,62,'E3'
1835,2,62,'F8'
1836,76,62,'D9'
1837,18,62,'F20'
1838,30,62,'G23'
1839,3,62,'C27'
1840,81,62,'E16'
1841,34,62,'F15'
1842,18,62,'G6'
1843,25,62,'D17'
1844,5,62,'D6'
1845,18,62,'F1'
1846,1,62,'C26'
1847,74,62,'G17'
1848,37,62,'E14'
1849,26,62,'D2'
1850,10,62,'D12'
1851,46,62,'C1'
1852,8,62,'F15'
1853,55,62,'G17'
1854,36,62,'D15'
1855,24,62,'F5'
1856,62,62,'E9'
1857,60,62,'D18'
1858,72,62,'B15'
1859,36,62,'F6'
1860,85,62,'B25'
1861,20,63,'B11'
1862,69,63,'B19'
1863,23,63,'B11'
1864,75,63,'C17'
1865,23,63,'E20'
1866,51,63,'B6'
1867,47,63,'F10'
1868,33,63,'B2'
1869,70,63,'F24'
1870,93,63,'C25'
1871,94,63,'E7'
1872,30,63,'B27'
1873,100,63,'C1'
1874,89,63,'D23'
1875,95,63,'C27'
1876,83,63,'E25'
1877,2,63,'F14'
1878,17,63,'C4'
1879,14,63,'F25'
1880,88,63,'D25'
1881,67,63,'G8'
1882,87,63,'G3'
1883,27,63,'D1'
1884,55,63,'G5'
1885,86,63,'F24'
1886,53,63,'G4'
1887,67,63,'G17'
1888,39,63,'C22'
1889,16,63,'D10'
1890,23,63,'C26'
1891,95,64,'C24'
1892,95,64,'B24'
1893,13,64,'F15'
1894,70,64,'B22'
1895,51,64,'B26'
1896,15,64,'B13'
1897,81,64,'B5'
1898,26,64,'D16'
1899,46,64,'F11'
1900,100,64,'F21'
1901,13,64,'G21'
1902,56,64,'G17'
1903,26,64,'B11'
1904,44,64,'F19'
1905,74,64,'E7'
1906,92,64,'E19'
1907,2,64,'D6'
1908,46,64,'E27'
1909,50,64,'D17'
1910,23,64,'G2'
1911,28,64,'C30'
1912,35,64,'C11'
1913,72,64,'D15'
1914,18,64,'C11'
1915,2,64,'E9'
1916,12,64,'G20'
1917,92,64,'G3'
1918,15,64,'G25'
1919,67,64,'G29'
1920,75,64,'D1'
1921,66,65,'F5'
1922,38,65,'B19'
1923,7,65,'G13'
1924,85,65,'B26'
1925,96,65,'F17'
1926,63,65,'D23'
1927,86,65,'G28'
1928,69,65,'F25'
1929,79,65,'F3'
1930,79,65,'C25'
1931,44,65,'G3'
1932,67,65,'E28'
1933,89,65,'G25'
1934,86,65,'D3'
1935,29,65,'G28'
1936,81,65,'G9'
1937,24,65,'G24'
1938,52,65,'G29'
1939,31,65,'B6'
1940,77,65,'B10'
1941,20,65,'B7'
1942,21,65,'C27'
1943,93,65,'G19'
1944,33,65,'C29'
1945,64,65,'E13'
1946,61,65,'G4'
1947,59,65,'D10'
1948,68,65,'C7'
1949,21,65,'C8'
1950,33,65,'B7'
1951,40,66,'C2'
1952,66,66,'G10'
1953,57,66,'C23'
1954,59,66,'C2'
1955,38,66,'E21'
1956,16,66,'B4'
1957,14,66,'B13'
1958,87,66,'D13'
1959,3,66,'D4'
1960,77,66,'B25'
1961,93,66,'B8'
1962,1,66,'G29'
1963,14,66,'E1'
1964,83,66,'E29'
1965,94,66,'C9'
1966,12,66,'B2'
1967,68,66,'F30'
1968,85,66,'D19'
1969,58,66,'G23'
1970,93,66,'E14'
1971,26,66,'F28'
1972,95,66,'B24'
1973,64,66,'C1'
1974,21,66,'D20'
1975,54,66,'D15'
1976,86,66,'G28'
1977,52,66,'B25'
1978,67,66,'B3'
1979,48,66,'G30'
1980,96,66,'G17'
1981,73,67,'D5'
1982,85,67,'F10'
1983,14,67,'E1'
1984,46,67,'F4'
1985,11,67,'F7'
1986,57,67,'B19'
1987,85,67,'E26'
1988,56,67,'E10'
1989,62,67,'B5'
1990,57,67,'E22'
1991,89,67,'E6'
1992,84,67,'E27'
1993,70,67,'D14'
1994,66,67,'F14'
1995,44,67,'F24'
1996,86,67,'G28'
1997,16,67,'G14'
1998,66,67,'B15'
1999,37,67,'D9'
2000,98,67,'B25'
2001,67,67,'G18'
2002,43,67,'B20'
2003,7,67,'G30'
2004,70,67,'B15'
2005,100,67,'B8'
2006,44,67,'G3'
2007,55,67,'F11'
2008,58,67,'F4'
2009,17,67,'F5'
2010,20,67,'E3'
2011,26,68,'D12'
2012,27,68,'C24'
2013,55,68,'C4'
2014,17,68,'G27'
2015,86,68,'D8'
2016,9,68,'C17'
2017,29,68,'F20'
2018,42,68,'D13'
2019,48,68,'B29'
2020,19,68,'G9'
2021,3,68,'E10'
2022,75,68,'F8'
2023,13,68,'G28'
2024,26,68,'G29'
2025,73,68,'F25'
2026,11,68,'B15'
2027,68,68,'G30'
2028,36,68,'B22'
2029,7,68,'G17'
2030,31,68,'F2'
2031,34,68,'C11'
2032,9,68,'G11'
2033,13,68,'E30'
2034,47,68,'D3'
2035,24,68,'B26'
2036,75,68,'F24'
2037,63,68,'C17'
2038,62,68,'D18'
2039,81,68,'D27'
2040,4,68,'C21'
2041,96,69,'C6'
2042,41,69,'G16'
2043,25,69,'F25'
2044,33,69,'G20'
2045,20,69,'G2'
2046,71,69,'F24'
2047,93,69,'G19'
2048,74,69,'B28'
2049,13,69,'C14'
2050,71,69,'B3'
2051,49,69,'B25'
2052,47,69,'D22'
2053,24,69,'D18'
2054,89,69,'D1'
2055,78,69,'C24'
2056,78,69,'F4'
2057,65,69,'F17'
2058,9,69,'F13'
2059,44,69,'D28'
2060,9,69,'F24'
2061,58,69,'B18'
2062,57,69,'B17'
2063,84,69,'B22'
2064,48,69,'C3'
2065,48,69,'F17'
2066,98,69,'G5'
2067,43,69,'D26'
2068,7,69,'F13'
2069,29,69,'E13'
2070,36,69,'F13'
2071,99,70,'B17'
2072,67,70,'G21'
2073,9,70,'E6'
2074,27,70,'G25'
2075,7,70,'C4'
2076,98,70,'E18'
2077,55,70,'E19'
2078,88,70,'E13'
2079,40,70,'F26'
2080,31,70,'E20'
2081,64,70,'C6'
2082,24,70,'E22'
2083,33,70,'G18'
2084,71,70,'F18'
2085,89,70,'E12'
2086,99,70,'B5'
2087,100,70,'B26'
2088,30,70,'C4'
2089,9,70,'F21'
2090,90,70,'B17'
2091,13,70,'B6'
2092,67,70,'F25'
2093,46,70,'C20'
2094,5,70,'G17'
2095,57,70,'G19'
2096,73,70,'G13'
2097,49,70,'D4'
2098,2,70,'C1'
2099,11,70,'B19'
2100,80,70,'E25'
2101,2,71,'D11'
2102,98,71,'F24'
2103,17,71,'D23'
2104,16,71,'D11'
2105,13,71,'F14'
2106,3,71,'G17'
2107,47,71,'G27'
2108,44,71,'C28'
2109,66,71,'B13'
2110,72,71,'G26'
2111,31,71,'D2'
2112,35,71,'G5'
2113,24,71,'D26'
2114,97,71,'C26'
2115,78,71,'E25'
2116,6,71,'B23'
2117,79,71,'G21'
2118,59,71,'E30'
2119,19,71,'C12'
2120,53,71,'F22'
2121,21,71,'B11'
2122,79,71,'C6'
2123,57,71,'B14'
2124,43,71,'G25'
2125,80,71,'D21'
2126,24,71,'E15'
2127,37,71,'G26'
2128,38,71,'G14'
2129,79,71,'B8'
2130,11,71,'D29'
2131,42,72,'E16'
2132,70,72,'G5'
2133,6,72,'C28'
2134,66,72,'F3'
2135,91,72,'D24'
2136,58,72,'B17'
2137,66,72,'B20'
2138,55,72,'G14'
2139,33,72,'D27'
2140,93,72,'B21'
2141,38,72,'G13'
2142,25,72,'D10'
2143,12,72,'F9'
2144,42,72,'B3'
2145,77,72,'G11'
2146,98,72,'G3'
2147,74,72,'G15'
2148,69,72,'C13'
2149,50,72,'D27'
2150,2,72,'C13'
2151,8,72,'G23'
2152,15,72,'B16'
2153,41,72,'C11'
2154,74,72,'E18'
2155,99,72,'C20'
2156,49,72,'F28'
2157,38,72,'D14'
2158,52,72,'C12'
2159,37,72,'C14'
2160,35,72,'E29'
2161,53,73,'F7'
2162,32,73,'F14'
2163,54,73,'E10'
2164,100,73,'D17'
2165,21,73,'E22'
2166,86,73,'F27'
2167,19,73,'G6'
2168,30,73,'B22'
2169,54,73,'B4'
2170,6,73,'D25'
2171,69,73,'F26'
2172,94,73,'G7'
2173,17,73,'C21'
2174,45,73,'D15'
2175,71,73,'B14'
2176,2,73,'C2'
2177,79,73,'E23'
2178,36,73,'E26'
2179,73,73,'E12'
2180,7,73,'E24'
2181,79,73,'E10'
2182,96,73,'C18'
2183,49,73,'G5'
2184,88,73,'F5'
2185,83,73,'E17'
2186,75,73,'B25'
2187,24,73,'D26'
2188,41,73,'E24'
2189,36,73,'G13'
2190,46,73,'E10'
2191,68,74,'G17'
2192,71,74,'B20'
2193,26,74,'C23'
2194,58,74,'D21'
2195,47,74,'G2'
2196,76,74,'E18'
2197,46,74,'D2'
2198,95,74,'G24'
2199,33,74,'B29'
2200,93,74,'B12'
2201,84,74,'G19'
2202,76,74,'G30'
2203,70,74,'C11'
2204,80,74,'C23'
2205,87,74,'F23'
2206,10,74,'G22'
2207,36,74,'D23'
2208,97,74,'B8'
2209,64,74,'B23'
2210,41,74,'D16'
2211,23,74,'B20'
2212,4,74,'C24'
2213,72,74,'C17'
2214,8,74,'E26'
2215,15,74,'D5'
2216,39,74,'C20'
2217,10,74,'E1'
2218,3,74,'D23'
2219,81,74,'C30'
2220,76,74,'C19'
2221,37,75,'E15'
2222,75,75,'G7'
2223,55,75,'E24'
2224,93,75,'B9'
2225,23,75,'D24'
2226,15,75,'F15'
2227,29,75,'C1'
2228,86,75,'E4'
2229,22,75,'F15'
2230,48,75,'D30'
2231,1,75,'B15'
2232,52,75,'D30'
2233,79,75,'F25'
2234,87,75,'C19'
2235,41,75,'C4'
2236,41,75,'B29'
2237,77,75,'B17'
2238,38,75,'B7'
2239,8,75,'G26'
2240,9,75,'D7'
2241,37,75,'C9'
2242,46,75,'D14'
2243,77,75,'D29'
2244,31,75,'E6'
2245,3,75,'E15'
2246,14,75,'F3'
2247,76,75,'C27'
2248,80,75,'D16'
2249,11,75,'E29'
2250,91,75,'G12'
2251,55,76,'C14'
2252,2,76,'B2'
2253,59,76,'F20'
2254,47,76,'D30'
2255,83,76,'D15'
2256,53,76,'C3'
2257,84,76,'F28'
2258,45,76,'F18'
2259,59,76,'C12'
2260,18,76,'B29'
2261,50,76,'E1'
2262,58,76,'F16'
2263,30,76,'E12'
2264,51,76,'G1'
2265,71,76,'B19'
2266,54,76,'C10'
2267,80,76,'B10'
2268,30,76,'D24'
2269,85,76,'D30'
2270,30,76,'E20'
2271,36,76,'B10'
2272,30,76,'B14'
2273,58,76,'G7'
2274,42,76,'B23'
2275,61,76,'E27'
2276,71,76,'G28'
2277,3,76,'F3'
2278,55,76,'B25'
2279,25,76,'C23'
2280,74,76,'D8'
2281,85,77,'G7'
2282,64,77,'C21'
2283,32,77,'B4'
2284,63,77,'C20'
2285,8,77,'C18'
2286,28,77,'B16'
2287,88,77,'D6'
2288,86,77,'B2'
2289,55,77,'G15'
2290,24,77,'G28'
2291,61,77,'F20'
2292,33,77,'B9'
2293,25,77,'D1'
2294,15,77,'B7'
2295,18,77,'F14'
2296,11,77,'D2'
2297,82,77,'E26'
2298,47,77,'F9'
2299,42,77,'E18'
2300,83,77,'C15'
2301,73,77,'F2'
2302,58,77,'G25'
2303,27,77,'G24'
2304,76,77,'E25'
2305,78,77,'B16'
2306,15,77,'C6'
2307,52,77,'B3'
2308,60,77,'G8'
2309,8,77,'F6'
2310,5,77,'B16'
2311,56,78,'B10'
2312,27,78,'E17'
2313,13,78,'C15'
2314,96,78,'D18'
2315,66,78,'E17'
2316,63,78,'E4'
2317,66,78,'B2'
2318,84,78,'D25'
2319,91,78,'E6'
2320,39,78,'D9'
2321,48,78,'D1'
2322,5,78,'E9'
2323,35,78,'E28'
2324,48,78,'G16'
2325,39,78,'G13'
2326,61,78,'D9'
2327,15,78,'F7'
2328,27,78,'B25'
2329,56,78,'E18'
2330,37,78,'F5'
2331,68,78,'B28'
2332,78,78,'B7'
2333,30,78,'G16'
2334,87,78,'G16'
2335,58,78,'G26'
2336,57,78,'G26'
2337,16,78,'F19'
2338,28,78,'D17'
2339,87,78,'D11'
2340,75,78,'D15'
2341,14,79,'F13'
2342,50,79,'B9'
2343,72,79,'F22'
2344,73,79,'F24'
2345,52,79,'C5'
2346,14,79,'C29'
2347,41,79,'G18'
2348,79,79,'E2'
2349,56,79,'C27'
2350,53,79,'C22'
2351,3,79,'D4'
2352,87,79,'C29'
2353,79,79,'G25'
2354,2,79,'D17'
2355,34,79,'E15'
2356,56,79,'D3'
2357,75,79,'C7'
2358,2,79,'G18'
2359,82,79,'G19'
2360,97,79,'G8'
2361,74,79,'F9'
2362,46,79,'G17'
2363,81,79,'E8'
2364,95,79,'D9'
2365,97,79,'E18'
2366,48,79,'E11'
2367,69,79,'D16'
2368,83,79,'D29'
2369,78,79,'F6'
2370,31,79,'B25'
2371,37,80,'B5'
2372,45,80,'G22'
2373,61,80,'C4'
2374,81,80,'G16'
2375,71,80,'C3'
2376,64,80,'E27'
2377,78,80,'F14'
2378,50,80,'D11'
2379,84,80,'G16'
2380,47,80,'F1'
2381,46,80,'E3'
2382,25,80,'C20'
2383,67,80,'D4'
2384,15,80,'C23'
2385,10,80,'E22'
2386,36,80,'G24'
2387,51,80,'D4'
2388,12,80,'B5'
2389,25,80,'E19'
2390,23,80,'G29'
2391,41,80,'C21'
2392,77,80,'F7'
2393,35,80,'E15'
2394,42,80,'E17'
2395,13,80,'G22'
2396,81,80,'G30'
2397,56,80,'G17'
2398,67,80,'F19'
2399,10,80,'D2'
2400,99,80,'C14'
2401,21,81,'E4'
2402,95,81,'E25'
2403,34,81,'D25'
2404,93,81,'E16'
2405,15,81,'F13'
2406,30,81,'G3'
2407,85,81,'G3'
2408,90,81,'C30'
2409,13,81,'E24'
2410,23,81,'E28'
2411,36,81,'E24'
2412,3,81,'E6'
2413,79,81,'G24'
2414,3,81,'E17'
2415,18,81,'C24'
2416,43,81,'G22'
2417,26,81,'C5'
2418,49,81,'C9'
2419,10,81,'C21'
2420,27,81,'G9'
2421,55,81,'D8'
2422,94,81,'D24'
2423,38,81,'F20'
2424,18,81,'G23'
2425,54,81,'E27'
2426,77,81,'B8'
2427,77,81,'F18'
2428,85,81,'D24'
2429,42,81,'E6'
2430,81,81,'F20'
2431,23,82,'E30'
2432,48,82,'G24'
2433,95,82,'E2'
2434,61,82,'D14'
2435,76,82,'D2'
2436,58,82,'C27'
2437,36,82,'G19'
2438,28,82,'B23'
2439,90,82,'G15'
2440,39,82,'C13'
2441,40,82,'F30'
2442,92,82,'C17'
2443,50,82,'E6'
2444,77,82,'D8'
2445,5,82,'F28'
2446,32,82,'D20'
2447,88,82,'E20'
2448,1,82,'B14'
2449,89,82,'G22'
2450,70,82,'B11'
2451,99,82,'C19'
2452,21,82,'B2'
2453,80,82,'E17'
2454,88,82,'G19'
2455,37,82,'G2'
2456,100,82,'E16'
2457,8,82,'E26'
2458,8,82,'F19'
2459,48,82,'F29'
2460,9,82,'F14'
2461,68,83,'F3'
2462,66,83,'E9'
2463,100,83,'D23'
2464,92,83,'C10'
2465,22,83,'F30'
2466,31,83,'E21'
2467,97,83,'D19'
2468,96,83,'G7'
2469,43,83,'E30'
2470,82,83,'G5'
2471,99,83,'B23'
2472,41,83,'B14'
2473,44,83,'B7'
2474,76,83,'G1'
2475,22,83,'F9'
2476,51,83,'F23'
2477,78,83,'D18'
2478,91,83,'G8'
2479,73,83,'F12'
2480,53,83,'F6'
2481,89,83,'C4'
2482,35,83,'E15'
2483,16,83,'G2'
2484,21,83,'E11'
2485,88,83,'E29'
2486,33,83,'E12'
2487,94,83,'F24'
2488,67,83,'E20'
2489,41,83,'E9'
2490,7,83,'G26'
2491,83,84,'E5'
2492,7,84,'B19'
2493,60,84,'E2'
2494,94,84,'G25'
2495,85,84,'D2'
2496,96,84,'E27'
2497,78,84,'B5'
2498,16,84,'C5'
2499,47,84,'D18'
2500,79,84,'F9'
2501,66,84,'B20'
2502,35,84,'E22'
2503,6,84,'B12'
2504,1,84,'B11'
2505,28,84,'D10'
2506,5,84,'E19'
2507,17,84,'E9'
2508,7,84,'D18'
2509,69,84,'C6'
2510,49,84,'G20'
2511,85,84,'E29'
2512,31,84,'C25'
2513,1,84,'D26'
2514,61,84,'F29'
2515,7,84,'D24'
2516,46,84,'C4'
2517,15,84,'G15'
2518,17,84,'E6'
2519,16,84,'E16'
2520,99,84,'C2'
